insert into ClassLevels(Level) values ("Freshman");
insert into ClassLevels(Level) values ("Sophomnore");
insert into ClassLevels(Level) values ("Junior");
insert into ClassLevels(Level) values ("Senior");
insert into ClassLevels(Level) values ("Grad Student");

insert into Professors (FName, Lname, Department) values ('Neda', 'Stickens', 3);
insert into Professors (FName, Lname, Department) values ('Sybilla', 'Paszak', 3);
insert into Professors (FName, Lname, Department) values ('Winonah', 'Tumber', 3);
insert into Professors (FName, Lname, Department) values ('Nessi', 'Scotter', 1);
insert into Professors (FName, Lname, Department) values ('Aleta', 'Willcox', 2);
insert into Professors (FName, Lname, Department) values ('Alysa', 'Eddy', 3);
insert into Professors (FName, Lname, Department) values ('Myles', 'Jewers', 3);
insert into Professors (FName, Lname, Department) values ('Maisey', 'Storres', 3);
insert into Professors (FName, Lname, Department) values ('Sancho', 'Wittey', 1);
insert into Professors (FName, Lname, Department) values ('Salmon', 'Witz', 1);
insert into Professors (FName, Lname, Department) values ('Ringo', 'Scholte', 4);
insert into Professors (FName, Lname, Department) values ('Noella', 'Bennington', 1);
insert into Professors (FName, Lname, Department) values ('Carlee', 'Midlane', 2);
insert into Professors (FName, Lname, Department) values ('Etheline', 'Collick', 4);
insert into Professors (FName, Lname, Department) values ('Emalee', 'Goshawke', 3);
insert into Professors (FName, Lname, Department) values ('Clarissa', 'Spilstead', 4);
insert into Professors (FName, Lname, Department) values ('Skipp', 'Eminson', 3);
insert into Professors (FName, Lname, Department) values ('Dotti', 'Maginot', 2);
insert into Professors (FName, Lname, Department) values ('Ari', 'Lerigo', 3);
insert into Professors (FName, Lname, Department) values ('Roseline', 'Vanstone', 3);
insert into Professors (FName, Lname, Department) values ('Clotilda', 'Lowman', 3);
insert into Professors (FName, Lname, Department) values ('Eduard', 'Pepperd', 4);
insert into Professors (FName, Lname, Department) values ('Jade', 'Rodinger', 4);
insert into Professors (FName, Lname, Department) values ('Neila', 'Ostler', 4);
insert into Professors (FName, Lname, Department) values ('Keri', 'Prater', 1);
insert into Professors (FName, Lname, Department) values ('Mil', 'Jurgensen', 3);
insert into Professors (FName, Lname, Department) values ('Petronilla', 'O''Ferris', 2);
insert into Professors (FName, Lname, Department) values ('Gav', 'Cattel', 2);
insert into Professors (FName, Lname, Department) values ('Kain', 'Everil', 2);
insert into Professors (FName, Lname, Department) values ('Rina', 'Parnell', 1);
insert into Professors (FName, Lname, Department) values ('Chad', 'Doole', 2);
insert into Professors (FName, Lname, Department) values ('Bernie', 'Guisler', 2);
insert into Professors (FName, Lname, Department) values ('Sullivan', 'Cardoo', 4);
insert into Professors (FName, Lname, Department) values ('Ax', 'Apfelmann', 2);
insert into Professors (FName, Lname, Department) values ('Davina', 'Gocher', 2);
insert into Professors (FName, Lname, Department) values ('Farly', 'Swindall', 3);
insert into Professors (FName, Lname, Department) values ('Shirlene', 'Imort', 4);
insert into Professors (FName, Lname, Department) values ('Vidovik', 'Walbrun', 2);
insert into Professors (FName, Lname, Department) values ('Pet', 'Peirpoint', 3);
insert into Professors (FName, Lname, Department) values ('Silvio', 'Deal', 3);
insert into Professors (FName, Lname, Department) values ('Aristotle', 'De Launde', 1);
insert into Professors (FName, Lname, Department) values ('Norrie', 'Groom', 3);
insert into Professors (FName, Lname, Department) values ('Giacobo', 'Neligan', 1);
insert into Professors (FName, Lname, Department) values ('Hayden', 'Wherrit', 2);
insert into Professors (FName, Lname, Department) values ('Ernie', 'Jobbins', 4);
insert into Professors (FName, Lname, Department) values ('Gareth', 'Rydeard', 1);
insert into Professors (FName, Lname, Department) values ('Weider', 'Craske', 4);
insert into Professors (FName, Lname, Department) values ('Knox', 'Mingauld', 1);
insert into Professors (FName, Lname, Department) values ('Raye', 'Stidworthy', 3);
insert into Professors (FName, Lname, Department) values ('Chevalier', 'Eickhoff', 4);
insert into Professors (FName, Lname, Department) values ('Winnie', 'Callum', 2);
insert into Professors (FName, Lname, Department) values ('Cal', 'Pottell', 4);
insert into Professors (FName, Lname, Department) values ('Lora', 'Roelofs', 2);
insert into Professors (FName, Lname, Department) values ('Stormie', 'Goodlett', 2);
insert into Professors (FName, Lname, Department) values ('Luce', 'Swannack', 4);
insert into Professors (FName, Lname, Department) values ('Thoma', 'Queyeiro', 4);
insert into Professors (FName, Lname, Department) values ('Harrietta', 'Gerred', 1);
insert into Professors (FName, Lname, Department) values ('Caren', 'Folliott', 3);
insert into Professors (FName, Lname, Department) values ('Quinton', 'Sommers', 1);
insert into Professors (FName, Lname, Department) values ('Alvira', 'Lane', 4);
insert into Professors (FName, Lname, Department) values ('Sandra', 'Paprotny', 3);
insert into Professors (FName, Lname, Department) values ('Aland', 'Dener', 4);
insert into Professors (FName, Lname, Department) values ('Nero', 'Southorn', 4);
insert into Professors (FName, Lname, Department) values ('Hartwell', 'Lardez', 1);
insert into Professors (FName, Lname, Department) values ('Abagael', 'De Bruyne', 2);
insert into Professors (FName, Lname, Department) values ('Ricky', 'Stirland', 2);
insert into Professors (FName, Lname, Department) values ('Kirby', 'Messiter', 4);
insert into Professors (FName, Lname, Department) values ('Finlay', 'Marcham', 3);
insert into Professors (FName, Lname, Department) values ('Conrad', 'Pikesley', 2);
insert into Professors (FName, Lname, Department) values ('Gabey', 'Cayford', 1);
insert into Professors (FName, Lname, Department) values ('Constance', 'Chesley', 3);
insert into Professors (FName, Lname, Department) values ('Carlie', 'Sparshatt', 1);
insert into Professors (FName, Lname, Department) values ('Kasper', 'Sabey', 4);
insert into Professors (FName, Lname, Department) values ('Boyce', 'Bielefeld', 2);
insert into Professors (FName, Lname, Department) values ('Livy', 'Heighton', 3);
insert into Professors (FName, Lname, Department) values ('Kate', 'Cawley', 2);
insert into Professors (FName, Lname, Department) values ('Nicolea', 'Dossetter', 1);
insert into Professors (FName, Lname, Department) values ('Krista', 'Duker', 3);
insert into Professors (FName, Lname, Department) values ('Peggy', 'Dienes', 1);
insert into Professors (FName, Lname, Department) values ('Alanson', 'Lavall', 2);
insert into Professors (FName, Lname, Department) values ('Maria', 'Pittem', 2);
insert into Professors (FName, Lname, Department) values ('Iolanthe', 'Masdon', 3);
insert into Professors (FName, Lname, Department) values ('Patrice', 'Baudino', 4);
insert into Professors (FName, Lname, Department) values ('Liliane', 'Gwynne', 4);
insert into Professors (FName, Lname, Department) values ('Eddie', 'Chesnay', 1);
insert into Professors (FName, Lname, Department) values ('Barrie', 'Ruprecht', 2);
insert into Professors (FName, Lname, Department) values ('Saidee', 'Given', 2);
insert into Professors (FName, Lname, Department) values ('Tate', 'Tomaskunas', 4);
insert into Professors (FName, Lname, Department) values ('Greg', 'Hayland', 3);
insert into Professors (FName, Lname, Department) values ('Lief', 'Graalman', 2);
insert into Professors (FName, Lname, Department) values ('Rick', 'Crady', 1);
insert into Professors (FName, Lname, Department) values ('Diana', 'Danelet', 1);
insert into Professors (FName, Lname, Department) values ('Gretal', 'Akroyd', 4);
insert into Professors (FName, Lname, Department) values ('Tina', 'Maasz', 3);
insert into Professors (FName, Lname, Department) values ('Stephine', 'Dayton', 4);
insert into Professors (FName, Lname, Department) values ('Gris', 'Kingcote', 4);
insert into Professors (FName, Lname, Department) values ('Ebeneser', 'Tottman', 2);
insert into Professors (FName, Lname, Department) values ('Fina', 'Labern', 3);
insert into Professors (FName, Lname, Department) values ('Even', 'Scothron', 1);
insert into Professors (FName, Lname, Department) values ('Chase', 'Frewer', 4);


insert into Buildings (BuildingName) values ('Colbert');
insert into Buildings (BuildingName) values ('Snow');
insert into Buildings (BuildingName) values ('Yannikov');
insert into Buildings (BuildingName) values ('Bellenie');
insert into Buildings (BuildingName) values ('Trevaskis');


insert into ClassRooms (Building, RoomNumber, Capacity) values (5, 75, 129);
insert into ClassRooms (Building, RoomNumber, Capacity) values (2, 79, 48);
insert into ClassRooms (Building, RoomNumber, Capacity) values (5, 26, 81);
insert into ClassRooms (Building, RoomNumber, Capacity) values (3, 97, 94);
insert into ClassRooms (Building, RoomNumber, Capacity) values (2, 70, 49);
insert into ClassRooms (Building, RoomNumber, Capacity) values (4, 8, 92);
insert into ClassRooms (Building, RoomNumber, Capacity) values (3, 53, 94);
insert into ClassRooms (Building, RoomNumber, Capacity) values (3, 27, 94);
insert into ClassRooms (Building, RoomNumber, Capacity) values (2, 28, 98);
insert into ClassRooms (Building, RoomNumber, Capacity) values (3, 9, 181);
insert into ClassRooms (Building, RoomNumber, Capacity) values (4, 58, 166);
insert into ClassRooms (Building, RoomNumber, Capacity) values (4, 47, 124);
insert into ClassRooms (Building, RoomNumber, Capacity) values (4, 71, 67);
insert into ClassRooms (Building, RoomNumber, Capacity) values (1, 24, 124);
insert into ClassRooms (Building, RoomNumber, Capacity) values (3, 90, 131);
insert into ClassRooms (Building, RoomNumber, Capacity) values (3, 34, 197);
insert into ClassRooms (Building, RoomNumber, Capacity) values (5, 27, 153);
insert into ClassRooms (Building, RoomNumber, Capacity) values (5, 71, 109);
insert into ClassRooms (Building, RoomNumber, Capacity) values (4, 36, 30);
insert into ClassRooms (Building, RoomNumber, Capacity) values (4, 20, 195);
insert into ClassRooms (Building, RoomNumber, Capacity) values (3, 55, 110);
insert into ClassRooms (Building, RoomNumber, Capacity) values (1, 67, 126);
insert into ClassRooms (Building, RoomNumber, Capacity) values (2, 78, 144);
insert into ClassRooms (Building, RoomNumber, Capacity) values (3, 48, 30);
insert into ClassRooms (Building, RoomNumber, Capacity) values (5, 39, 42);
insert into ClassRooms (Building, RoomNumber, Capacity) values (2, 84, 183);
insert into ClassRooms (Building, RoomNumber, Capacity) values (2, 61, 59);
insert into ClassRooms (Building, RoomNumber, Capacity) values (1, 100, 117);
insert into ClassRooms (Building, RoomNumber, Capacity) values (5, 51, 139);
insert into ClassRooms (Building, RoomNumber, Capacity) values (1, 70, 115);
insert into ClassRooms (Building, RoomNumber, Capacity) values (2, 28, 54);
insert into ClassRooms (Building, RoomNumber, Capacity) values (5, 30, 103);
insert into ClassRooms (Building, RoomNumber, Capacity) values (4, 24, 49);
insert into ClassRooms (Building, RoomNumber, Capacity) values (5, 49, 80);
insert into ClassRooms (Building, RoomNumber, Capacity) values (5, 63, 101);
insert into ClassRooms (Building, RoomNumber, Capacity) values (3, 92, 37);
insert into ClassRooms (Building, RoomNumber, Capacity) values (3, 9, 77);
insert into ClassRooms (Building, RoomNumber, Capacity) values (4, 74, 199);
insert into ClassRooms (Building, RoomNumber, Capacity) values (2, 57, 83);
insert into ClassRooms (Building, RoomNumber, Capacity) values (5, 71, 94);
insert into ClassRooms (Building, RoomNumber, Capacity) values (4, 11, 165);
insert into ClassRooms (Building, RoomNumber, Capacity) values (5, 76, 44);
insert into ClassRooms (Building, RoomNumber, Capacity) values (2, 42, 139);
insert into ClassRooms (Building, RoomNumber, Capacity) values (1, 59, 40);
insert into ClassRooms (Building, RoomNumber, Capacity) values (5, 9, 52);
insert into ClassRooms (Building, RoomNumber, Capacity) values (1, 23, 78);
insert into ClassRooms (Building, RoomNumber, Capacity) values (2, 40, 62);
insert into ClassRooms (Building, RoomNumber, Capacity) values (4, 22, 156);
insert into ClassRooms (Building, RoomNumber, Capacity) values (3, 20, 78);
insert into ClassRooms (Building, RoomNumber, Capacity) values (5, 67, 24);
insert into ClassRooms (Building, RoomNumber, Capacity) values (1, 59, 135);
insert into ClassRooms (Building, RoomNumber, Capacity) values (4, 10, 69);
insert into ClassRooms (Building, RoomNumber, Capacity) values (3, 89, 79);
insert into ClassRooms (Building, RoomNumber, Capacity) values (3, 9, 94);
insert into ClassRooms (Building, RoomNumber, Capacity) values (4, 74, 72);
insert into ClassRooms (Building, RoomNumber, Capacity) values (3, 25, 87);
insert into ClassRooms (Building, RoomNumber, Capacity) values (3, 77, 76);
insert into ClassRooms (Building, RoomNumber, Capacity) values (2, 65, 89);
insert into ClassRooms (Building, RoomNumber, Capacity) values (3, 76, 28);
insert into ClassRooms (Building, RoomNumber, Capacity) values (5, 73, 154);
insert into ClassRooms (Building, RoomNumber, Capacity) values (4, 87, 168);
insert into ClassRooms (Building, RoomNumber, Capacity) values (5, 92, 143);
insert into ClassRooms (Building, RoomNumber, Capacity) values (4, 95, 23);
insert into ClassRooms (Building, RoomNumber, Capacity) values (5, 66, 53);
insert into ClassRooms (Building, RoomNumber, Capacity) values (4, 37, 44);
insert into ClassRooms (Building, RoomNumber, Capacity) values (5, 42, 178);
insert into ClassRooms (Building, RoomNumber, Capacity) values (2, 88, 90);
insert into ClassRooms (Building, RoomNumber, Capacity) values (4, 62, 38);
insert into ClassRooms (Building, RoomNumber, Capacity) values (2, 8, 65);
insert into ClassRooms (Building, RoomNumber, Capacity) values (4, 21, 45);
insert into ClassRooms (Building, RoomNumber, Capacity) values (1, 41, 130);
insert into ClassRooms (Building, RoomNumber, Capacity) values (1, 46, 24);
insert into ClassRooms (Building, RoomNumber, Capacity) values (3, 41, 135);
insert into ClassRooms (Building, RoomNumber, Capacity) values (2, 13, 165);
insert into ClassRooms (Building, RoomNumber, Capacity) values (4, 34, 199);
insert into ClassRooms (Building, RoomNumber, Capacity) values (3, 44, 112);
insert into ClassRooms (Building, RoomNumber, Capacity) values (5, 88, 156);
insert into ClassRooms (Building, RoomNumber, Capacity) values (2, 92, 78);
insert into ClassRooms (Building, RoomNumber, Capacity) values (2, 7, 133);
insert into ClassRooms (Building, RoomNumber, Capacity) values (1, 99, 64);
insert into ClassRooms (Building, RoomNumber, Capacity) values (4, 38, 84);
insert into ClassRooms (Building, RoomNumber, Capacity) values (1, 66, 112);
insert into ClassRooms (Building, RoomNumber, Capacity) values (2, 3, 117);
insert into ClassRooms (Building, RoomNumber, Capacity) values (1, 57, 91);
insert into ClassRooms (Building, RoomNumber, Capacity) values (2, 50, 105);
insert into ClassRooms (Building, RoomNumber, Capacity) values (1, 54, 125);
insert into ClassRooms (Building, RoomNumber, Capacity) values (1, 56, 129);
insert into ClassRooms (Building, RoomNumber, Capacity) values (1, 20, 77);
insert into ClassRooms (Building, RoomNumber, Capacity) values (4, 46, 80);
insert into ClassRooms (Building, RoomNumber, Capacity) values (3, 44, 42);
insert into ClassRooms (Building, RoomNumber, Capacity) values (1, 95, 179);
insert into ClassRooms (Building, RoomNumber, Capacity) values (1, 79, 23);
insert into ClassRooms (Building, RoomNumber, Capacity) values (5, 78, 162);
insert into ClassRooms (Building, RoomNumber, Capacity) values (1, 38, 145);
insert into ClassRooms (Building, RoomNumber, Capacity) values (4, 12, 38);
insert into ClassRooms (Building, RoomNumber, Capacity) values (3, 98, 152);
insert into ClassRooms (Building, RoomNumber, Capacity) values (2, 23, 25);
insert into ClassRooms (Building, RoomNumber, Capacity) values (5, 67, 88);
insert into ClassRooms (Building, RoomNumber, Capacity) values (4, 4, 157);
insert into ClassRooms (Building, RoomNumber, Capacity) values (4, 12, 91);

insert into Prefixes (PrefixID, Prefix) values (1, 'DabZ');
insert into Prefixes (PrefixID, Prefix) values (2, 'Dab');
insert into Prefixes (PrefixID, Prefix) values (3, 'Skin');
insert into Prefixes (PrefixID, Prefix) values (4, 'Skip');
insert into Prefixes (PrefixID, Prefix) values (5, 'Skiv');

insert into Courses (Title, Description, CourseNumber, Prefix, ClassRoom, Instructor) values ('Devcast', 'Proin at turpis a pede posuere nonummy. Integer non velit. Donec diam neque, vestibulum eget, vulputate ut, ultrices vel, augue. Vestibulum ante ipsum primis in faucibus orci luctus et ultrices posuere cubilia Curae; Donec pharetra, magna vestibulum aliquet ultrices, erat tortor sollicitudin mi, sit amet lobortis sapien sapien non mi. Integer ac neque. Duis bibendum. Morbi non quam nec dui luctus rutrum. Nulla tellus. In sagittis dui vel nisl. Duis ac nibh.', 465, 2, 69, 31);
insert into Courses (Title, Description, CourseNumber, Prefix, ClassRoom, Instructor) values ('Skippad', 'Donec ut mauris eget massa tempor convallis. Nulla neque libero, convallis eget, eleifend luctus, ultricies eu, nibh. Quisque id justo sit amet sapien dignissim vestibulum. Vestibulum ante ipsum primis in faucibus orci luctus et ultrices posuere cubilia Curae; Nulla dapibus dolor vel est. Donec odio justo, sollicitudin ut, suscipit a, feugiat et, eros. Vestibulum ac est lacinia nisi venenatis tristique.', 221, 4, 14, 78);
insert into Courses (Title, Description, CourseNumber, Prefix, ClassRoom, Instructor) values ('Chatterbridge', 'Cras non velit nec nisi vulputate nonummy. Maecenas tincidunt lacus at velit. Vivamus vel nulla eget eros elementum pellentesque. Quisque porta volutpat erat. Quisque erat eros, viverra eget, congue eget, semper rutrum, nulla.', 364, 2, 49, 81);
insert into Courses (Title, Description, CourseNumber, Prefix, ClassRoom, Instructor) values ('Dabvine', 'Duis at velit eu est congue elementum. In hac habitasse platea dictumst. Morbi vestibulum, velit id pretium iaculis, diam erat fermentum justo, nec condimentum neque sapien placerat ante. Nulla justo. Aliquam quis turpis eget elit sodales scelerisque. Mauris sit amet eros. Suspendisse accumsan tortor quis turpis.', 175, 2, 48, 79);
insert into Courses (Title, Description, CourseNumber, Prefix, ClassRoom, Instructor) values ('Twinder', 'Etiam faucibus cursus urna. Ut tellus. Nulla ut erat id mauris vulputate elementum. Nullam varius. Nulla facilisi. Cras non velit nec nisi vulputate nonummy. Maecenas tincidunt lacus at velit.', 451, 1, 29, 79);
insert into Courses (Title, Description, CourseNumber, Prefix, ClassRoom, Instructor) values ('Ntags', 'Vivamus vel nulla eget eros elementum pellentesque. Quisque porta volutpat erat. Quisque erat eros, viverra eget, congue eget, semper rutrum, nulla. Nunc purus. Phasellus in felis. Donec semper sapien a libero. Nam dui.', 360, 1, 31, 33);
insert into Courses (Title, Description, CourseNumber, Prefix, ClassRoom, Instructor) values ('Plajo', 'Fusce posuere felis sed lacus. Morbi sem mauris, laoreet ut, rhoncus aliquet, pulvinar sed, nisl. Nunc rhoncus dui vel sem. Sed sagittis. Nam congue, risus semper porta volutpat, quam pede lobortis ligula, sit amet eleifend pede libero quis orci. Nullam molestie nibh in lectus. Pellentesque at nulla. Suspendisse potenti. Cras in purus eu magna vulputate luctus.', 149, 1, 82, 20);
insert into Courses (Title, Description, CourseNumber, Prefix, ClassRoom, Instructor) values ('Rhycero', 'Pellentesque viverra pede ac diam. Cras pellentesque volutpat dui. Maecenas tristique, est et tempus semper, est quam pharetra magna, ac consequat metus sapien ut nunc.', 180, 4, 74, 33);
insert into Courses (Title, Description, CourseNumber, Prefix, ClassRoom, Instructor) values ('Devify', 'Nunc rhoncus dui vel sem. Sed sagittis. Nam congue, risus semper porta volutpat, quam pede lobortis ligula, sit amet eleifend pede libero quis orci. Nullam molestie nibh in lectus. Pellentesque at nulla. Suspendisse potenti. Cras in purus eu magna vulputate luctus. Cum sociis natoque penatibus et magnis dis parturient montes, nascetur ridiculus mus. Vivamus vestibulum sagittis sapien. Cum sociis natoque penatibus et magnis dis parturient montes, nascetur ridiculus mus.', 236, 1, 5, 25);
insert into Courses (Title, Description, CourseNumber, Prefix, ClassRoom, Instructor) values ('Realpoint', 'Integer aliquet, massa id lobortis convallis, tortor risus dapibus augue, vel accumsan tellus nisi eu orci. Mauris lacinia sapien quis libero. Nullam sit amet turpis elementum ligula vehicula consequat. Morbi a ipsum. Integer a nibh. In quis justo. Maecenas rhoncus aliquam lacus. Morbi quis tortor id nulla ultrices aliquet. Maecenas leo odio, condimentum id, luctus nec, molestie sed, justo.', 125, 1, 10, 55);
insert into Courses (Title, Description, CourseNumber, Prefix, ClassRoom, Instructor) values ('Twitterbridge', 'Maecenas tristique, est et tempus semper, est quam pharetra magna, ac consequat metus sapien ut nunc. Vestibulum ante ipsum primis in faucibus orci luctus et ultrices posuere cubilia Curae; Mauris viverra diam vitae quam. Suspendisse potenti. Nullam porttitor lacus at turpis.', 257, 3, 40, 8);
insert into Courses (Title, Description, CourseNumber, Prefix, ClassRoom, Instructor) values ('Babblestorm', 'Nullam orci pede, venenatis non, sodales sed, tincidunt eu, felis.', 243, 4, 46, 86);
insert into Courses (Title, Description, CourseNumber, Prefix, ClassRoom, Instructor) values ('Zoomlounge', 'Vestibulum ante ipsum primis in faucibus orci luctus et ultrices posuere cubilia Curae; Mauris viverra diam vitae quam. Suspendisse potenti. Nullam porttitor lacus at turpis. Donec posuere metus vitae ipsum. Aliquam non mauris. Morbi non lectus. Aliquam sit amet diam in magna bibendum imperdiet. Nullam orci pede, venenatis non, sodales sed, tincidunt eu, felis. Fusce posuere felis sed lacus.', 104, 2, 1, 65);
insert into Courses (Title, Description, CourseNumber, Prefix, ClassRoom, Instructor) values ('Tagchat', 'Etiam justo. Etiam pretium iaculis justo. In hac habitasse platea dictumst. Etiam faucibus cursus urna.', 251, 2, 28, 37);
insert into Courses (Title, Description, CourseNumber, Prefix, ClassRoom, Instructor) values ('Jayo', 'Nullam molestie nibh in lectus. Pellentesque at nulla. Suspendisse potenti. Cras in purus eu magna vulputate luctus. Cum sociis natoque penatibus et magnis dis parturient montes, nascetur ridiculus mus. Vivamus vestibulum sagittis sapien. Cum sociis natoque penatibus et magnis dis parturient montes, nascetur ridiculus mus.', 268, 1, 4, 58);
insert into Courses (Title, Description, CourseNumber, Prefix, ClassRoom, Instructor) values ('Topicblab', 'Nulla neque libero, convallis eget, eleifend luctus, ultricies eu, nibh. Quisque id justo sit amet sapien dignissim vestibulum. Vestibulum ante ipsum primis in faucibus orci luctus et ultrices posuere cubilia Curae; Nulla dapibus dolor vel est. Donec odio justo, sollicitudin ut, suscipit a, feugiat et, eros. Vestibulum ac est lacinia nisi venenatis tristique. Fusce congue, diam id ornare imperdiet, sapien urna pretium nisl, ut volutpat sapien arcu sed augue.', 241, 2, 37, 31);
insert into Courses (Title, Description, CourseNumber, Prefix, ClassRoom, Instructor) values ('Youtags', 'Cras in purus eu magna vulputate luctus. Cum sociis natoque penatibus et magnis dis parturient montes, nascetur ridiculus mus. Vivamus vestibulum sagittis sapien. Cum sociis natoque penatibus et magnis dis parturient montes, nascetur ridiculus mus.', 361, 1, 54, 41);
insert into Courses (Title, Description, CourseNumber, Prefix, ClassRoom, Instructor) values ('Gabtune', 'Suspendisse potenti. Nullam porttitor lacus at turpis. Donec posuere metus vitae ipsum. Aliquam non mauris.', 182, 3, 9, 9);
insert into Courses (Title, Description, CourseNumber, Prefix, ClassRoom, Instructor) values ('Meevee', 'Quisque ut erat. Curabitur gravida nisi at nibh. In hac habitasse platea dictumst. Aliquam augue quam, sollicitudin vitae, consectetuer eget, rutrum at, lorem. Integer tincidunt ante vel ipsum. Praesent blandit lacinia erat. Vestibulum sed magna at nunc commodo placerat. Praesent blandit. Nam nulla.', 472, 2, 71, 89);
insert into Courses (Title, Description, CourseNumber, Prefix, ClassRoom, Instructor) values ('Youspan', 'Morbi porttitor lorem id ligula. Suspendisse ornare consequat lectus. In est risus, auctor sed, tristique in, tempus sit amet, sem. Fusce consequat. Nulla nisl.', 440, 3, 88, 70);



insert into Departments (Title, Prefix, DepartmentHead, Description) values ('Sonair', 4, 63, 'In hac habitasse platea dictumst. Aliquam augue quam, sollicitudin vitae, consectetuer eget, rutrum at, lorem. Integer tincidunt ante vel ipsum. Praesent blandit lacinia erat. Vestibulum sed magna at nunc commodo placerat. Praesent blandit. Nam nulla. Integer pede justo, lacinia eget, tincidunt eget, tempus vel, pede. Morbi porttitor lorem id ligula. Suspendisse ornare consequat lectus.');
insert into Departments (Title, Prefix, DepartmentHead, Description) values ('Konklab', 4, 61, 'Sed sagittis. Nam congue, risus semper porta volutpat, quam pede lobortis ligula, sit amet eleifend pede libero quis orci.');
insert into Departments (Title, Prefix, DepartmentHead, Description) values ('Tempsoft', 5, 2, 'Nulla suscipit ligula in lacus. Curabitur at ipsum ac tellus semper interdum. Mauris ullamcorper purus sit amet nulla.');
insert into Departments (Title, Prefix, DepartmentHead, Description) values ('Transcof', 5, 19, 'Etiam justo. Etiam pretium iaculis justo. In hac habitasse platea dictumst. Etiam faucibus cursus urna. Ut tellus. Nulla ut erat id mauris vulputate elementum. Nullam varius. Nulla facilisi. Cras non velit nec nisi vulputate nonummy.');
insert into Departments (Title, Prefix, DepartmentHead, Description) values ('Ronstring', 5, 46, 'Lorem ipsum dolor sit amet, consectetuer adipiscing elit. Proin interdum mauris non ligula pellentesque ultrices. Phasellus id sapien in sapien iaculis congue.');


insert into StudentCourses (StudentID, CourseID) values (23, 12);
insert into StudentCourses (StudentID, CourseID) values (84, 1);
insert into StudentCourses (StudentID, CourseID) values (69, 18);
insert into StudentCourses (StudentID, CourseID) values (52, 9);
insert into StudentCourses (StudentID, CourseID) values (55, 11);

